SET IDENTITY_INSERT MARCAS ON;
INSERT INTO MARCAS (Id, Nombre) VALUES
(1, 'Coop Apícola  AMUYEN'),(2, 'CAUQUEVA'),(3, 'CEREALCOOP'),(4, 'FECOAPI'),(5, 'FLOR DE JARDIN'),
(6, 'FLOR DE MANZANO'),(7, 'GRAPIA MILENARIA'),(8, 'HUANACACHE'),(9, 'ISONDU'),(10, 'JUAL'),
(11, 'LA DULCERIA SAN PEDRO'),(12, 'LA HUELLA'),(13, 'LA OBEREÑA'),(14, 'LA PAZ'),(15, 'LA OTOMANA'),
(16, 'LAS TUNAS'),(17, 'MATERIA PRIMA'),(18, 'MULINI'),(19, 'NINA´S'),(20, 'OLIVOS DEL CARMEN'),
(21, 'CUCHIYACO'),(22, 'PICADA VIEJA'),(23, 'SOL Y LLUVIA'),(24, 'TAIHANG'),(25, 'TITRAYJU'),
(26, 'TUCANGUA');
SET IDENTITY_INSERT MARCAS OFF;
GO

SET IDENTITY_INSERT CATEGORias ON;
INSERT INTO CATEGORIAS (Id, Nombre) VALUES
(1, 'MIEL'),(2, 'PANADERÍA'),(3, 'ALMACEN'),(4, 'TOMATE'),(5, 'MERMELADAS'),(6, 'ENCURTIDOS'),
(7, 'HARINAS'),(8, 'YERBA MATE'),(9, 'ALMIBARES'),(10, 'BEBIDAS'),(11, 'DULCE'),(12, 'COOPERATIVA'),
(13, 'STEVIOSIDO'),(14, 'ACEITES'),(15, 'FIDEOS'),(16, 'CONDIMENTOS'),(17, 'TE'),(18, 'FRUTOS SECOS'),
(19, 'CEREALES'),(20, 'ARROZ'),(21, 'AZUCAR');
SET IDENTITY_INSERT CATEGORIAS OFF;
GO

INSERT INTO PRODUCTOS (CodigoSKU, Descripcion, IdMarca, IdCategoria, Activo) VALUES
('1', 'MIEL X 1 KILO', 1, 1, 1),
('2', 'MIEL X 1/2 kg ', 1, 1, 1),
('3', 'FIDEOS DE MAIZ AMARILLO CRIOLLO', 2, 2, 1),
('4', 'FIDEOS DE MAIZ CAPIA ', 2, 2, 1),
('5', 'FIDEOS DE MAIZ CAPIA CON PIMENTON', 2, 2, 1),
('6', 'FIDEOS DE MAIZ CAPIA SABOR CEBOLLA,APIO Y PUERRO', 2, 2, 1),
('7', 'FIDEOS DE MAIZ CAPIA C/ALBAHACA', 2, 2, 1),
('8', 'FIDEOS DE MAIZ MORADO', 2, 2, 1),
('9', 'FIDEOS DE MAIZ MORADO Y QUINOA', 2, 2, 1),
('10', 'FIDEOS DE MAIZ AMARIILO Y ESPINACA ', 2, 2, 1),
('11', 'QUINOA LAVADA CAUQUEVA X 200 GRS ', 2, 3, 1),
('12', 'AVENA ARROLLADA INSTANTANEA X 350 GRS', 3, 3, 1),
('13', 'AVENA ARROLLADA TRADICIONAL X 400 GRS', 3, 3, 1),
('14', 'AVENA ARROLLADA TRADICIONAL EXTRAFINA X 400 GRS', 3, 3, 1),
('15', 'SALVADO DE AVENA  X 350 GRS', 3, 3, 1),
('16', 'CEREALES CHOCO POP X 130GR', 3, 3, 1),
('17', 'CEREALES MIEL POP X 130GR', 3, 3, 1),
('18', 'TRITURADO DE TOMATE X 960 GRS.', 4, 4, 1),
('19', 'MERMELADA DE CIRUELA X 450GRS', 5, 5, 1),
('20', 'MERMELADA DE DAMASCO X 450GRS', 5, 5, 1),
('21', 'MERMELADA DE DURAZNO X 450GRS', 5, 5, 1),
('22', 'MERMELADA DE HIGO X 450GRS', 5, 5, 1),
('23', 'MERMELADA DE KINOTOS X 450GRS', 5, 5, 1),
('24', 'MERMELADA DE NARANJA X 450GRS', 5, 5, 1),
('25', 'MERMELADA DE PERA X 450GRS', 5, 5, 1),
('26', 'MERMELADA DE TOMATE X 450GRS', 5, 5, 1),
('27', 'MERMELADA DE UVA X 450GRS', 5, 5, 1),
('28', 'MERMELADA DE ZAPALLO X 450GRS', 5, 5, 1),
('29', 'MERMELADA DE CIRUELA X 220 GRS', 5, 5, 1),
('30', 'MERMELADA DE DAMASCO X 220 GRS', 5, 5, 1),
('31', 'MERMELADA DE DURAZNO X 220 GRS', 5, 5, 1),
('32', 'MERMELADA DE HIGO X 220 GRS', 5, 5, 1),
('33', 'MERMELADA DE KINOTOS X 220 GRS', 5, 5, 1),
('34', 'MERMELADA DE NARANJA X 220 GRS', 5, 5, 1),
('35', 'MERMELADA DE PERA X 220 GRS', 5, 5, 1),
('36', 'MERMELADA DE TOMATE X 220 GRS', 5, 5, 1),
('37', 'MERMELADA DE UVA X 220 GRS', 5, 5, 1),
('38', 'MERMELADA DE ZAPALLO X 220 GRS', 5, 5, 1),
('39', 'CHUTNEY DE CEBOLLA X 220 GRS', 5, 6, 1),
('40', 'CHUTNEY DE PERA Y JENGIBRE X 220 GRS', 5, 6, 1),
('41', 'CHUTNEY DE TOMATE X 220 GRS', 5, 6, 1),
('42', 'CHUTNEY DE ZAPALLO X 220 GRS', 5, 6, 1),
('43', 'CHUTNEY DE CIRUELA Y MOSTAZA X 220 GRS', 5, 6, 1),
('44', 'HARINA DE ARROZ X 500 GRS', 6, 7, 1),
('45', 'HARINA DE ARVEJAS X 500 GRS', 6, 7, 1),
('46', 'HARINA DE GARBANZOS X 500 GRS', 6, 7, 1),
('47', 'HARINA DE LENTEJAS X 500 GRS', 6, 7, 1),
('48', 'HARINA DE MAIZ X 500 GRS', 6, 7, 1),
('49', 'HARINA DE SOJA X 500 GRS', 6, 7, 1),
('50', 'HARINA DE TRIGO X 500 GRS', 6, 7, 1),
('51', 'HARINA INTEGRAL DE CENTENO X 500 GRS', 6, 7, 1),
('52', 'HARINA INTEGRAL DE TRIGO X 500 GRS', 6, 7, 1),
('53', 'YERBA MATE CANCHADA X 500 GRS', 7, 8, 1),
('54', 'YERBA MATE ELABORADA X 1 KILO', 7, 8, 1),
('55', 'YERBA MATE ELABORADA X 500 GRS', 7, 8, 1),
('56', 'YERBA MATE ELABORADA X 250 GRS', 7, 8, 1),
('57', 'YERBA MATE ELABORADA ORGANICA X 500 GRS', 7, 8, 1),
('58', 'YERBA MATE BARBACUA X 500 GRS', 7, 8, 1),
('59', 'YERBA MATE CANCHADA X 500 GRS', 8, 8, 1),
('60', 'YERBA MATE ELABORADA X 1 KILO', 8, 8, 1),
('61', 'YERBA MATE ELABORADA X 500 GRS', 8, 8, 1),
('62', 'YERBA MATE ELABORADA X 250 GRS', 8, 8, 1),
('63', 'YERBA MATE ORGANICA X 500 GRS', 8, 8, 1),
('64', 'YERBA MATE ORGANICA X 1 KILO', 8, 8, 1),
('65', 'YERBA MATE COMPUESTA X 500 GRS', 9, 8, 1),
('66', 'YERBA MATE ELABORADA X 1 KILO', 9, 8, 1),
('67', 'YERBA MATE ELABORADA X 500 GRS', 9, 8, 1),
('68', 'YERBA MATE ELABORADA X 250 GRS', 9, 8, 1),
('69', 'MAMON EN ALMIBAR X 450 GRS', 10, 9, 1),
('70', 'MAMON EN ALMIBAR X 800 GRS', 10, 9, 1),
('71', 'MAMON EN ALMIBAR X 3 KG', 10, 9, 1),
('72', 'MAMON EN ALMIBAR X 450 GRS', 11, 9, 1),
('73', 'MAMON EN ALMIBAR X 800 GRS', 11, 9, 1),
('74', 'MAMON EN ALMIBAR X 3 KG', 11, 9, 1),
('75', 'LICOR DE ANANA X 500CC', 12, 10, 1),
('76', 'LICOR DE CAFE AL COGNAC X 500CC', 12, 10, 1),
('77', 'LICOR DE CHOCOLATE X 500CC', 12, 10, 1),
('78', 'LICOR DE DULCE DE LECHE X 500CC', 12, 10, 1),
('79', 'LICOR DE NARANJA X 500CC', 12, 10, 1),
('80', 'LICOR DE ROSAS X 500CC', 12, 10, 1),
('81', 'YERBA MATE CANCHADA X 500 GRS', 13, 8, 1),
('82', 'YERBA MATE ELABORADA X 1 KILO', 13, 8, 1),
('83', 'YERBA MATE ELABORADA X 500 GRS', 13, 8, 1),
('84', 'YERBA MATE ELABORADA X 250 GRS', 13, 8, 1),
('85', 'DULCE DE LECHE X 440 GRS', 14, 11, 1),
('86', 'DULCE DE LECHE X 860 GRS', 14, 11, 1),
('87', 'DULCE DE LECHE REPOSTERO X 10 KGS', 14, 11, 1),
('88', 'DULCE DE LECHE REPOSTERO X 4,8 KGS', 14, 11, 1),
('89', 'DULCE DE LECHE REPOSTERO X 980 GRS', 14, 11, 1),
('90', 'PRODUCTOS DE COOPERATIVAS', 15, 12, 1),
('91', 'STEVIOSIDO LIQUIDO X 100CC', 16, 13, 1),
('92', 'STEVIOSIDO LIQUIDO X 250CC', 16, 13, 1),
('93', 'STEVIOSIDO EN POLVO X 50 GRS', 16, 13, 1),
('94', 'ACEITE DE OLIVA EXTRA VIRGEN X 1L', 17, 14, 1),
('95', 'ACEITE DE OLIVA EXTRA VIRGEN X 500CC', 17, 14, 1),
('96', 'ACEITE DE OLIVA EXTRA VIRGEN X 250CC', 17, 14, 1),
('97', 'ACEITE DE OLIVA EXTRA VIRGEN X 5L', 17, 14, 1),
('98', 'ACEITUNAS NEGRAS EN SALMUERA X 360 GRS', 17, 6, 1),
('99', 'ACEITUNAS NEGRAS EN SALMUERA X 2 KG', 17, 6, 1),
('100', 'ACEITUNAS VERDES EN SALMUERA X 360 GRS', 17, 6, 1),
('101', 'ACEITUNAS VERDES EN SALMUERA X 2 KG', 17, 6, 1),
('102', 'FIDEOS CARACOL X 500 GRS', 18, 15, 1),
('103', 'FIDEOS MOSTACHOL X 500 GRS', 18, 15, 1),
('104', 'FIDEOS TIRABUZON X 500 GRS', 18, 15, 1),
('105', 'FIDEOS CELLENTANI X 500 GRS', 18, 15, 1),
('106', 'FIDEOS DEDALITO X 500 GRS', 18, 15, 1),
('107', 'FIDEOS SPAGHETTI X 500 GRS', 18, 15, 1),
('108', 'FIDEOS AVE MARIA X 500 GRS', 18, 15, 1),
('109', 'PIMENTON DULCE X 10 GRS', 19, 16, 1),
('110', 'PIMENTON DULCE X 50 GRS', 19, 16, 1),
('111', 'PIMENTON DULCE X 100 GRS', 19, 16, 1),
('112', 'PIMENTON DULCE X 250 GRS', 19, 16, 1),
('113', 'PIMENTON DULCE X 500 GRS', 19, 16, 1),
('114', 'PIMENTON DULCE X 1 KG', 19, 16, 1),
('115', 'AJI TRITURADO X 10 GRS', 19, 16, 1),
('116', 'AJI TRITURADO X 50 GRS', 19, 16, 1),
('117', 'AJI TRITURADO X 100 GRS', 19, 16, 1),
('118', 'AJI TRITURADO X 250 GRS', 19, 16, 1),
('119', 'AJI TRITURADO X 500 GRS', 19, 16, 1),
('120', 'AJI TRITURADO X 1 KG', 19, 16, 1),
('121', 'OREGANO X 10 GRS', 19, 16, 1),
('122', 'OREGANO X 50 GRS', 19, 16, 1),
('123', 'OREGANO X 100 GRS', 19, 16, 1),
('124', 'OREGANO X 250 GRS', 19, 16, 1),
('125', 'OREGANO X 500 GRS', 19, 16, 1),
('126', 'OREGANO X 1 KG', 19, 16, 1),
('127', 'PROVENZAL X 10 GRS', 19, 16, 1),
('128', 'PROVENZAL X 50 GRS', 19, 16, 1),
('129', 'PROVENZAL X 100 GRS', 19, 16, 1),
('130', 'PROVENZAL X 250 GRS', 19, 16, 1),
('131', 'PROVENZAL X 500 GRS', 19, 16, 1),
('132', 'PROVENZAL X 1 KG', 19, 16, 1),
('133', 'CHIMICHURRI X 10 GRS', 19, 16, 1),
('134', 'CHIMICHURRI X 50 GRS', 19, 16, 1),
('135', 'CHIMICHURRI X 100 GRS', 19, 16, 1),
('136', 'CHIMICHURRI X 250 GRS', 19, 16, 1),
('137', 'CHIMICHURRI X 500 GRS', 19, 16, 1),
('138', 'CHIMICHURRI X 1 KG', 19, 16, 1),
('139', 'CONDIMENTO PARA PIZZA X 10 GRS', 19, 16, 1),
('140', 'CONDIMENTO PARA PIZZA X 50 GRS', 19, 16, 1),
('141', 'CONDIMENTO PARA PIZZA X 100 GRS', 19, 16, 1),
('142', 'CONDIMENTO PARA PIZZA X 250 GRS', 19, 16, 1),
('143', 'CONDIMENTO PARA PIZZA X 500 GRS', 19, 16, 1),
('144', 'CONDIMENTO PARA PIZZA X 1 KG', 19, 16, 1),
('145', 'CONDIMENTO PARA ARROZ X 10 GRS', 19, 16, 1),
('146', 'CONDIMENTO PARA ARROZ X 50 GRS', 19, 16, 1),
('147', 'CONDIMENTO PARA ARROZ X 100 GRS', 19, 16, 1),
('148', 'CONDIMENTO PARA ARROZ X 250 GRS', 19, 16, 1),
('149', 'CONDIMENTO PARA ARROZ X 500 GRS', 19, 16, 1),
('150', 'CONDIMENTO PARA ARROZ X 1 KG', 19, 16, 1),
('151', 'CONDIMENTO PARA MILANESAS X 10 GRS', 19, 16, 1),
('152', 'CONDIMENTO PARA MILANESAS X 50 GRS', 19, 16, 1),
('153', 'CONDIMENTO PARA MILANESAS X 100 GRS', 19, 16, 1),
('154', 'CONDIMENTO PARA MILANESAS X 250 GRS', 19, 16, 1),
('155', 'CONDIMENTO PARA MILANESAS X 500 GRS', 19, 16, 1),
('156', 'CONDIMENTO PARA MILANESAS X 1 KG', 19, 16, 1),
('157', 'NUEZ MOSCADA MOLIDA X 10 GRS', 19, 16, 1),
('158', 'NUEZ MOSCADA MOLIDA X 50 GRS', 19, 16, 1),
('159', 'NUEZ MOSCADA MOLIDA X 100 GRS', 19, 16, 1),
('160', 'NUEZ MOSCADA MOLIDA X 250 GRS', 19, 16, 1),
('161', 'NUEZ MOSCADA MOLIDA X 500 GRS', 19, 16, 1),
('162', 'NUEZ MOSCADA MOLIDA X 1 KG', 19, 16, 1),
('163', 'PIMIENTA BLANCA MOLIDA X 10 GRS', 19, 16, 1),
('164', 'PIMIENTA BLANCA MOLIDA X 50 GRS', 19, 16, 1),
('165', 'PIMIENTA BLANCA MOLIDA X 100 GRS', 19, 16, 1),
('166', 'PIMIENTA BLANCA MOLIDA X 250 GRS', 19, 16, 1),
('167', 'PIMIENTA BLANCA MOLIDA X 500 GRS', 19, 16, 1),
('168', 'PIMIENTA BLANCA MOLIDA X 1 KG', 19, 16, 1),
('169', 'PIMIENTA NEGRA MOLIDA X 10 GRS', 19, 16, 1),
('170', 'PIMIENTA NEGRA MOLIDA X 50 GRS', 19, 16, 1),
('171', 'PIMIENTA NEGRA MOLIDA X 100 GRS', 19, 16, 1),
('172', 'PIMIENTA NEGRA MOLIDA X 250 GRS', 19, 16, 1),
('173', 'PIMIENTA NEGRA MOLIDA X 500 GRS', 19, 16, 1),
('174', 'PIMIENTA NEGRA MOLIDA X 1 KG', 19, 16, 1),
('175', 'ACEITE DE OLIVA EXTRA VIRGEN X 250 CC', 20, 14, 1),
('176', 'ACEITE DE OLIVA EXTRA VIRGEN X 500 CC', 20, 14, 1),
('177', 'ACEITE DE OLIVA EXTRA VIRGEN X 1 LT', 20, 14, 1),
('178', 'ACEITE DE OLIVA EXTRA VIRGEN X 2 LTS', 20, 14, 1),
('179', 'ACEITE DE OLIVA EXTRA VIRGEN X 5 LTS', 20, 14, 1),
('180', 'ACEITUNAS NEGRAS CON CAROZO X 360 GRS', 20, 6, 1),
('181', 'ACEITUNAS NEGRAS DESCAROZADAS X 360 GRS', 20, 6, 1),
('182', 'ACEITUNAS VERDES CON CAROZO X 360 GRS', 20, 6, 1),
('183', 'ACEITUNAS VERDES DESCAROZADAS X 360 GRS', 20, 6, 1),
('184', 'ACEITUNAS VERDES RELLENAS CON MORRON X 360 GRS', 20, 6, 1),
('185', 'ACEITE DE OLIVA EXTRA VIRGEN X 250 CC', 21, 14, 1),
('186', 'ACEITE DE OLIVA EXTRA VIRGEN X 500 CC', 21, 14, 1),
('187', 'ACEITE DE OLIVA EXTRA VIRGEN X 1 LT', 21, 14, 1),
('188', 'ACEITE DE OLIVA EXTRA VIRGEN X 2 LTS', 21, 14, 1),
('189', 'ACEITE DE OLIVA EXTRA VIRGEN X 5 LTS', 21, 14, 1),
('190', 'TOMATE TRITURADO X 960 GRS', 22, 4, 1),
('191', 'TE EN HEBRAS NEGRO X 50 GRS', 23, 17, 1),
('192', 'TE EN HEBRAS VERDE X 50 GRS', 23, 17, 1),
('193', 'TE EN HEBRAS NEGRO SABORIZADO X 50 GRS (Citrus, Frutos Rojos, Vainilla y Canela)', 23, 17, 1),
('194', 'TE EN HEBRAS VERDE SABORIZADO X 50 GRS (Maracuya y Naranja, Frutos Rojos, Tropical)', 23, 17, 1),
('195', 'YERBA MATE ORGANICA X 500 GRS', 24, 8, 1),
('196', 'ARROZ BLANCO X 1 KG', 25, 3, 1),
('197', 'ARROZ BLANCO X 500 GRS', 25, 3, 1),
('198', 'ARROZ INTEGRAL X 1 KG', 25, 3, 1),
('199', 'ARROZ INTEGRAL X 500 GRS', 25, 3, 1),
('200', 'POLENTA X 500 GRS', 25, 3, 1),
('201', 'ALMENDRAS X 1 KG', 17, 18, 1),
('202', 'ALMENDRAS X 1/2 KG', 17, 18, 1),
('203', 'ALMENDRAS X 1/4 KG', 17, 18, 1),
('204', 'ALMENDRAS C/CHOCOLATE X 1 KG', 17, 18, 1),
('205', 'ALMENDRAS C/CHOCOLATE X 1/2 KG', 17, 18, 1),
('206', 'ALMENDRAS C/CHOCOLATE X 1/4 KG', 17, 18, 1),
('207', 'ARANDANOS C/CHOCOLATE X 1 KG', 17, 18, 1),
('208', 'ARANDANOS C/CHOCOLATE X 1/2 KG', 17, 18, 1),
('209', 'ARANDANOS C/CHOCOLATE X 1/4 KG', 17, 18, 1),
('210', 'BANANA DESHIDRATADA X 1 KG', 17, 18, 1),
('211', 'BANANA DESHIDRATADA X 1/2 KG', 17, 18, 1),
('212', 'BANANA DESHIDRATADA X 1/4 KG', 17, 18, 1),
('213', 'CASTAÑAS DE CAJU C/CHOCOLATE X 1 KG', 17, 18, 1),
('214', 'CASTAÑAS DE CAJU C/CHOCOLATE X 1/2 KG', 17, 18, 1),
('215', 'CASTAÑAS DE CAJU C/CHOCOLATE X 1/4 KG', 17, 18, 1),
('216', 'CASTAÑAS DE CAJU S/SAL X 1 KG', 17, 18, 1),
('217', 'CASTAÑAS DE CAJU S/SAL X 1/2 KG', 17, 18, 1),
('218', 'CASTAÑAS DE CAJU S/SAL X 1/4 KG', 17, 18, 1),
('219', 'CHIPS DE BANANA X 1 KG', 17, 18, 1),
('220', 'CHIPS DE BANANA X 1/2 KG', 17, 18, 1),
('221', 'CHIPS DE BANANA X 1/4 KG', 17, 18, 1),
('222', 'CIRUELAS S/CAROZO X 1 KG', 17, 18, 1),
('223', 'CIRUELAS S/CAROZO X 1/2 KG', 17, 18, 1),
('224', 'CIRUELAS S/CAROZO X 1/4 KG', 17, 18, 1),
('225', 'COCO EN ESCAMAS X 1 KG', 17, 18, 1),
('226', 'COCO EN ESCAMAS X 1/2 KG', 17, 18, 1),
('227', 'COCO EN ESCAMAS X 1/4 KG', 17, 18, 1),
('228', 'COCO RALLADO X 1 KG', 17, 18, 1),
('229', 'COCO RALLADO X 1/2 KG', 17, 18, 1),
('230', 'COCO RALLADO X 1/4 KG', 17, 18, 1),
('231', 'DATILES X 1 KG', 17, 18, 1),
('232', 'DATILES X 1/2 KG', 17, 18, 1),
('233', 'DATILES X 1/4 KG', 17, 18, 1),
('234', 'DURAZNOS DESCAROZADOS X 1 KG', 17, 18, 1),
('235', 'DURAZNOS DESCAROZADOS X 1/2 KG', 17, 18, 1),
('236', 'DURAZNOS DESCAROZADOS X 1/4 KG', 17, 18, 1),
('237', 'GRANOLA CROCANTE X 1 KG', 17, 19, 1),
('238', 'GRANOLA CROCANTE X 1/2 KG', 17, 19, 1),
('239', 'GRANOLA CROCANTE X 1/4 KG', 17, 19, 1),
('240', 'HIGOS X 1 KG', 17, 18, 1),
('241', 'HIGOS X 1/2 KG', 17, 18, 1),
('242', 'HIGOS X 1/4 KG', 17, 18, 1),
('243', 'MANI C/CHOCOLATE X 1 KG', 17, 18, 1),
('244', 'MANI C/CHOCOLATE X 1/2 KG', 17, 18, 1),
('245', 'MANI C/CHOCOLATE X 1/4 KG', 17, 18, 1),
('246', 'MANI TOSTADO S/SAL X 1 KG', 17, 18, 1),
('247', 'MANI TOSTADO S/SAL X 1/2 KG', 17, 18, 1),
('248', 'MANI TOSTADO S/SAL X 1/4 KG', 17, 18, 1),
('249', 'MIX ENERGETICO X 1 KG', 17, 18, 1),
('250', 'MIX ENERGETICO X 1/2 KG', 17, 18, 1),
('251', 'MIX ENERGETICO X 1/4 KG', 17, 18, 1),
('252', 'MIX SALADO C/MAIZ X 1 KG', 17, 18, 1),
('253', 'MIX SALADO C/MAIZ X 1/2 KG', 17, 18, 1),
('254', 'MIX SALADO C/MAIZ X 1/4 KG', 17, 18, 1),
('255', 'MIX TROPICAL X 1 KG', 17, 18, 1),
('256', 'MIX TROPICAL X 1/2 KG', 17, 18, 1),
('257', 'MIX TROPICAL X 1/4 KG', 17, 18, 1),
('258', 'NUECES C/CASCARA X 1 KG', 17, 18, 1),
('259', 'NUECES C/CASCARA X 1/2 KG', 17, 18, 1),
('260', 'NUEZ MARIPOSA X 1 KG', 17, 18, 1),
('261', 'NUEZ MARIPOSA X 1/2 KG', 17, 18, 1),
('262', 'NUEZ MARIPOSA X 1/4 KG', 17, 18, 1),
('263', 'PASAS DE ARANDANO X 1 KG', 17, 18, 1),
('264', 'PASAS DE ARANDANO X 1/2 KG', 17, 18, 1),
('265', 'PASAS DE ARANDANO X 1/4 KG', 17, 18, 1),
('266', 'PASAS DE UVA C/CHOCOLATE X 1 KG', 17, 18, 1),
('267', 'PASAS DE UVA C/CHOCOLATE X 1/2 KG', 17, 18, 1),
('268', 'PASAS DE UVA C/CHOCOLATE X 1/4 KG', 17, 18, 1),
('269', 'PASAS DE UVA X 1 KG', 17, 18, 1),
('270', 'PASAS DE UVA X 1/2 KG', 17, 18, 1),
('271', 'PASAS DE UVA X 1/4 KG', 17, 18, 1),
('272', 'PISTACHO TOSTADO Y SALADO X 1 KG', 17, 18, 1),
('273', 'PISTACHO TOSTADO Y SALADO X 1/2 KG', 17, 18, 1),
('274', 'PISTACHO TOSTADO Y SALADO X 1/4', 17, 18, 1),
('275', 'ARROZ YAMANI X 1 KG', 26, 20, 1),
('276', 'ARROZ YAMani X 1/2 KG', 26, 20, 1),
('277', 'AZUCAR MASCABO X 1 KG', 26, 21, 1),
('278', 'AZUCAR MASCABO X 1/2 KG', 26, 21, 1);
GO

;WITH PreciosCTE AS (
    SELECT * FROM (
        VALUES
        ('1', 5685.66),('2', 4223.63),('3', 5174.07),('4', 5174.07),('5', 5174.07),('6', 5174.07),
        ('7', 5174.07),('8', 5174.07),('9', 5174.07),('10', 5174.07),('11', 4016.9),('12', 1422.3),
        ('13', 1409.81),('14', 1433.02),('15', 1433.02),('16', 1381.9),('17', 1381.9),('18', 2197.8),
        ('19', 1729.81),('20', 1729.81),('21', 1729.81),('22', 1729.81),('23', 1729.81),('24', 1729.81),
        ('25', 1729.81),('26', 1729.81),('27', 1729.81),('28', 1729.81),('29', 1157.04),('30', 1157.04),
        ('31', 1157.04),('32', 1157.04),('33', 1157.04),('34', 1157.04),('35', 1157.04),('36', 1157.04),
        ('37', 1157.04),('38', 1157.04),('39', 1272.74),('40', 1272.74),('41', 1272.74),('42', 1272.74),
        ('43', 1272.74),('44', 2197.8),('45', 2197.8),('46', 2197.8),('47', 2197.8),('48', 2197.8),
        ('49', 2197.8),('50', 2197.8),('51', 2197.8),('52', 2197.8),('53', 3072.03),('54', 5971.21),
        ('55', 3072.03),('56', 1593.87),('57', 4426.39),('58', 4426.39),('59', 2269.83),('60', 4323.77),
        ('61', 2269.83),('62', 1184.44),('63', 3326.83),('64', 6500.22),('65', 2568.61),('66', 4921.33),
        ('67', 2568.61),('68', 1334.84),('69', 2125.77),('70', 3624.96),('71', 11333.3),('72', 2568.61),
        ('73', 4395.8),('74', 13745.34),('75', 7156.45),('76', 7156.45),('77', 7156.45),('78', 7156.45),
        ('79', 7156.45),('80', 7156.45),('81', 3509.25),('82', 6780.27),('83', 3509.25),('84', 1826.54),
        ('85', 1943.08),('86', 3558.78),('87', 32187.75),('88', 15682.02),('89', 3624.96),('90', 4323.77),
        ('91', 2228.58),('92', 4426.39),('93', 5632.98),('94', 16127.34),('95', 8246.36),('96', 4395.8),
        ('97', 76211.75),('98', 2750.64),('99', 13025.04),('100', 2496.58),('101', 11952.28),('102', 1795.99),
        ('103', 1795.99),('104', 1795.99),('105', 1795.99),('106', 1795.99),('107', 1795.99),('108', 1795.99),
        ('109', 351.4),('110', 1373.95),('111', 2697.35),('112', 6636.57),('113', 13207),('114', 26348),
        ('115', 351.4),('116', 1373.95),('117', 2697.35),('118', 6636.57),('119', 13207),('120', 26348),
        ('121', 351.4),('122', 1373.95),('123', 2697.35),('124', 6636.57),('125', 13207),('126', 26348),
        ('127', 351.4),('128', 1373.95),('129', 2697.35),('130', 6636.57),('131', 13207),('132', 26348),
        ('133', 351.4),('134', 1373.95),('135', 2697.35),('136', 6636.57),('137', 13207),('138', 26348),
        ('139', 351.4),('140', 1373.95),('141', 2697.35),('142', 6636.57),('143', 13207),('144', 26348),
        ('145', 351.4),('146', 1373.95),('147', 2697.35),('148', 6636.57),('149', 13207),('150', 26348),
        ('151', 351.4),('152', 1373.95),('153', 2697.35),('154', 6636.57),('155', 13207),('156', 26348),
        ('157', 351.4),('158', 1373.95),('159', 2697.35),('160', 6636.57),('161', 13207),('162', 26348),
        ('163', 351.4),('164', 1373.95),('165', 2697.35),('166', 6636.57),('167', 13207),('168', 26348),
        ('169', 351.4),('170', 1373.95),('171', 2697.35),('172', 6636.57),('173', 13207),('174', 26348),
        ('175', 4323.77),('176', 8063.67),('177', 15938.67),('178', 31082.78),('179', 73783.56),('180', 2697.35),
        ('181', 2829.13),('182', 2372.48),('183', 2631.17),('184', 3072.03),('185', 4323.77),('186', 8063.67),
        ('187', 15938.67),('188', 31082.78),('189', 73783.56),('190', 2197.8),('191', 3456.24),('192', 3456.24),
        ('193', 3456.24),('194', 3456.24),('195', 4511.45),('196', 3169.17),('197', 1612.73),('198', 3169.17),
        ('199', 1612.73),('200', 1264.79),('201', 14886),('202', 7450),('203', 3730),('204', 14000),
        ('205', 7010),('206', 3510),('207', 15000),('208', 7500),('209', 3760),('210', 8660),
        ('211', 4340),('212', 2180),('213', 17560),('214', 8790),('215', 4400),('216', 14750),
        ('217', 7380),('218', 3700),('219', 7700),('220', 3860),('221', 1940),('222', 4300),
        ('223', 2160),('224', 1090),('225', 8310),('226', 4160),('227', 2090),('228', 7470),
        ('229', 3740),('230', 1880),('231', 11460),('232', 5740),('233', 2880),('234', 6420),
        ('235', 3220),('236', 1620),('237', 5800),('238', 2910),('239', 1460),('240', 4510),
        ('241', 2260),('242', 1140),('243', 6260),('244', 3140),('245', 1580),('246', 3740),
        ('247', 1880),('248', 950),('249', 9360),('250', 4690),('251', 2350),('252', 5780),
        ('253', 2900),('254', 1460),('255', 7360),('256', 3690),('257', 1850),('258', 3570),
        ('259', 1790),('260', 7480),('261', 3750),('262', 1880),('263', 12430),('264', 6220),
        ('265', 3120),('266', 10780),('267', 5400),('268', 2710),('269', 3170),('270', 1600),
        ('271', 810),('272', 16100),('273', 8060),('274', 4040),('275', 2038.92),('276', 1077.31),
        ('277', 2372.48),('278', 1245.93)
    ) AS V(CodigoSKU, Precio)
)
INSERT INTO PRECIOS_COMPRA (IdProducto, Precio, Fecha)
SELECT 
    P.Id,
    CTE.Precio,
    GETDATE()
FROM 
    PRODUCTOS P
JOIN 
    PreciosCTE CTE ON P.CodigoSKU = CTE.CodigoSKU
WHERE
    CTE.Precio IS NOT NULL AND CTE.Precio > 0;
GO

INSERT INTO USUARIOS (Nombre, Documento, Email, Telefono, Direccion, Localidad, Username, Password)
VALUES
('Administrador del Sistema', '30111222', 'admin@test.com', '1122334455', 'Av. Siempre Viva 123', 'CABA', 'admin', 'admin123'),
('Empleado de Ventas', '28999111', 'vendedor@test.com', '1199887766', 'Calle Falsa 742', 'San Martín', 'vendedor', 'vend123');
GO

INSERT INTO USUARIO_ROLES (IdUsuario, IdRol)
VALUES
(1, 1),  -- admin → rol admin
(2, 2);  -- vendedor → rol vendedor
GO


INSERT INTO CLIENTES (Nombre, Documento, Email, Telefono, Direccion, Localidad, CondicionIVA)
VALUES
('Juan Perez', '20111222', 'juan@test.com', '1133445566', 'CABA 123', 'CABA', 'Consumidor Final'),
('Ana García', '25999888', 'ana@test.com', '1177889900', 'Belgrano 400', 'San Isidro', 'Responsable Inscripto'),
('Carlos López', '27888777', 'carlos@test.com', '1155667788', 'Mitre 1000', 'Ballester', 'Monotributista');
GO


INSERT INTO PROVEEDORES 
(Nombre, RazonSocial, Documento, Email, Telefono, Direccion, Localidad, CondicionIVA)
VALUES
('Proveedor Oeste', 'Proveedor Oeste S.A.', '30-44444444-1', 'oeste@prov.com', '1133557799', 'Av. Rivadavia 4500', 'CABA', 'Responsable Inscripto'),

('Proveedor Este', 'Proveedor Este S.R.L.', '30-55555555-4', 'este@prov.com', '1166778899', 'Av. La Plata 1200', 'CABA', 'Responsable Inscripto'),

('Proveedor Express', 'Proveedor Express S.A.', '30-66666666-2', 'express@prov.com', '1122664488', 'Córdoba 780', 'Vicente López', 'Monotributista'),

('Tecno Distribuidora', 'Tecno Distribuidora SRL', '30-77777777-8', 'tecno@dist.com', '1177445566', 'Av. Cabildo 3200', 'CABA', 'Responsable Inscripto'),

('Global Imports', 'Global Imports S.A.', '30-88888888-6', 'global@imports.com', '1188994455', 'San Martín 1500', 'San Isidro', 'Responsable Inscripto'),

('Maxi Proveedor', 'MaxiProveedor SRL', '30-99999999-0', 'contacto@maxipro.com', '1199112233', 'Pueyrredón 2500', 'CABA', 'Monotributista'),

('Suministros Delta', 'Suministros Delta S.A.', '30-10101010-1', 'delta@sum.com', '1155223344', 'Ameghino 900', 'Tigre', 'Responsable Inscripto');
GO



---------------------------
-- VENTAS EJEMPLO
---------------------------

INSERT INTO VENTAS (IdUsuario, IdCliente, Fecha, NumeroFactura, MetodoPago, Total)
VALUES (1, 1, GETDATE(), 'A-0001-00001234', 'Efectivo', 0);

DECLARE @IdVenta1 INT = SCOPE_IDENTITY();

INSERT INTO DETALLE_VENTA (IdVenta, IdProducto, Cantidad, PrecioUnitario)
VALUES
(@IdVenta1, 1, 2, 5685.66),
(@IdVenta1, 12, 1, 1422.30);

UPDATE VENTAS
SET Total = (SELECT SUM(Cantidad * PrecioUnitario) FROM DETALLE_VENTA WHERE IdVenta = @IdVenta1)
WHERE Id = @IdVenta1;


INSERT INTO VENTAS (IdUsuario, IdCliente, Fecha, NumeroFactura, MetodoPago, Total)
VALUES (2, 2, GETDATE(), 'A-0001-00001235', 'Tarjeta', 0);

DECLARE @IdVenta2 INT = SCOPE_IDENTITY();

INSERT INTO DETALLE_VENTA (IdVenta, IdProducto, Cantidad, PrecioUnitario)
VALUES
(@IdVenta2, 54, 1, 5971.21),
(@IdVenta2, 94, 1, 16127.34),
(@IdVenta2, 19, 2, 1729.81);

UPDATE VENTAS
SET Total = (SELECT SUM(Cantidad * PrecioUnitario) FROM DETALLE_VENTA WHERE IdVenta = @IdVenta2)
WHERE Id = @IdVenta2;


INSERT INTO VENTAS (IdUsuario, IdCliente, Fecha, NumeroFactura, MetodoPago, Total)
VALUES (1, 3, GETDATE(), 'A-0001-00001236', 'Mercado Pago', 0);

DECLARE @IdVenta3 INT = SCOPE_IDENTITY();

INSERT INTO DETALLE_VENTA (IdVenta, IdProducto, Cantidad, PrecioUnitario)
VALUES
(@IdVenta3, 176, 2, 8063.67);

UPDATE VENTAS
SET Total = (SELECT SUM(Cantidad * PrecioUnitario) FROM DETALLE_VENTA WHERE IdVenta = @IdVenta3)
WHERE Id = @IdVenta3;

---------------------------
---------------------------


---------------------------
-- COMPRAS EJEMPLO
---------------------------

-- COMPRA 1 -----------------------------------------
INSERT INTO COMPRAS (IdProveedor, IdUsuario, Fecha, Observaciones)
VALUES (1, 1, GETDATE(), 'Compra inicial de stock');

DECLARE @IdCompra1 INT = SCOPE_IDENTITY();

INSERT INTO COMPRA_LINEAS (IdCompra, IdProducto, Cantidad, PrecioUnitario)
VALUES
(@IdCompra1, 1, 20, 4000),       -- Miel (ID 1)
(@IdCompra1, 12, 50, 900);       -- Avena instantánea (ID 12)

-- COMPRA 2 -----------------------------------------
INSERT INTO COMPRAS (IdProveedor, IdUsuario, Fecha, Observaciones)
VALUES (2, 1, GETDATE(), 'Reposición de mercadería variada');

DECLARE @IdCompra2 INT = SCOPE_IDENTITY();

INSERT INTO COMPRA_LINEAS (IdCompra, IdProducto, Cantidad, PrecioUnitario)
VALUES
(@IdCompra2, 54, 30, 3500),   -- Yerba elaborada 1kg
(@IdCompra2, 94, 10, 12000),  -- Aceite de oliva extra virgen 1L
(@IdCompra2, 19, 40, 900);    -- Mermelada de ciruela

-- COMPRA 3 -----------------------------------------
INSERT INTO COMPRAS (IdProveedor, IdUsuario, Fecha, Observaciones)
VALUES (1, 2, GETDATE(), 'Compra por faltantes urgentes');

DECLARE @IdCompra3 INT = SCOPE_IDENTITY();

INSERT INTO COMPRA_LINEAS (IdCompra, IdProducto, Cantidad, PrecioUnitario)
VALUES
(@IdCompra3, 176, 15, 7000);   -- Aceite oliva 500cc


---------------------------
---------------------------